attribute,type,unit,default,description,status
name,string,n/a,n/a,Unique name,Input (required)
bus,string,n/a,n/a,name of bus to which generator is attached,Input (required)
g,float,Siemens,0.,Shunt conductivity.,Input (optional)
b,float,Siemens,0.,Shunt susceptance.,Input (optional)
sign,float,n/a,-1.,power sign (sign convention so that g>0 withdraws p from bus),Input (optional)
p,series,MW,0.,active power at bus (positive if net load),Output
q,series,MVar,0.,reactive power (positive if net generation),Output
g_pu,float,per unit,0.,Calculated from g and bus.v_nom.,Output
b_pu,float,per unit,0.,Calculated from b and bus.v_nom.,Output
